{"stats":{"minecraft:picked_up":{"minecraft:leather":5,"minecraft:redstone":1,"minecraft:orange_terracotta":2,"minecraft:beef":5,"minecraft:white_concrete":1,"minecraft:ender_eye":1,"minecraft:light_gray_wool":1,"minecraft:mutton":3,"minecraft:sculk_catalyst":1},"minecraft:killed":{"minecraft:sheep":7,"minecraft:warden":1,"minecraft:cow":4},"minecraft:custom":{"minecraft:time_since_rest":1203533,"minecraft:sprint_one_cm":761365,"minecraft:walk_one_cm":357080,"minecraft:mob_kills":12,"minecraft:drop":36,"minecraft:damage_dealt":5960,"minecraft:fly_one_cm":3893709,"minecraft:open_chest":11,"minecraft:crouch_one_cm":42548,"minecraft:play_time":1203533,"minecraft:sneak_time":28065,"minecraft:aviate_one_cm":15693098,"minecraft:jump":470,"minecraft:leave_game":5,"minecraft:time_since_death":1203533,"minecraft:total_world_time":1203533},"minecraft:dropped":{"minecraft:deepslate_bricks":2,"minecraft:redstone_lamp":1,"minecraft:gray_stained_glass":1,"minecraft:orange_terracotta":2,"minecraft:spruce_trapdoor":11,"minecraft:light_blue_wool":1,"minecraft:white_concrete":1,"minecraft:yellow_wool":1,"minecraft:lime_wool":2,"minecraft:glass":1,"minecraft:black_concrete":2,"minecraft:purple_wool":1,"minecraft:red_stained_glass":1,"minecraft:orange_wool":2,"minecraft:nether_bricks":1,"minecraft:black_stained_glass":2,"minecraft:blue_stained_glass":1,"minecraft:black_wool":1,"minecraft:redstone":3},"minecraft:used":{"minecraft:redstone_torch":47,"minecraft:glass":27,"minecraft:black_concrete":9,"minecraft:firework_rocket":2986,"minecraft:grass_block":1,"minecraft:red_stained_glass":8,"minecraft:redstone":4,"minecraft:lime_wool":3,"minecraft:cherry_sign":13,"minecraft:dirt":6,"minecraft:black_stained_glass":3,"minecraft:written_book":1,"minecraft:blue_stained_glass":8,"minecraft:orange_wool":1,"minecraft:lingering_potion":7,"minecraft:white_concrete":10,"minecraft:gray_stained_glass":6,"minecraft:warden_spawn_egg":1}},"DataVersion":3700}