{"stats":{"minecraft:killed":{"minecraft:spider":1},"minecraft:custom":{"minecraft:time_since_rest":553300,"minecraft:sprint_one_cm":42277,"minecraft:walk_one_cm":133254,"minecraft:interact_with_anvil":1,"minecraft:mob_kills":1,"minecraft:drop":9,"minecraft:minecart_one_cm":68271,"minecraft:damage_dealt":45,"minecraft:fly_one_cm":14373462,"minecraft:open_chest":13,"minecraft:deaths":1,"minecraft:crouch_one_cm":5015,"minecraft:play_time":2368482,"minecraft:sneak_time":90370,"minecraft:walk_under_water_one_cm":162,"minecraft:interact_with_lectern":2,"minecraft:jump":1538,"minecraft:leave_game":18,"minecraft:walk_on_water_one_cm":2284,"minecraft:time_since_death":552412,"minecraft:total_world_time":2368482},"minecraft:dropped":{"minecraft:stone":1,"minecraft:lever":1,"minecraft:white_concrete":1,"minecraft:lead":1,"minecraft:glowstone_dust":2,"minecraft:piglin_head":1,"minecraft:written_book":1,"minecraft:white_wool":1},"minecraft:used":{"minecraft:redstone_torch":235,"minecraft:oak_log":1,"minecraft:sticky_piston":8,"minecraft:glass":18,"minecraft:lever":96,"minecraft:water_bucket":3,"minecraft:black_concrete":2,"minecraft:activator_rail":8,"minecraft:wither_skeleton_skull":3,"minecraft:snow_block":2,"minecraft:red_wool":6,"minecraft:red_stained_glass":1,"minecraft:carved_pumpkin":7,"minecraft:iron_block":18,"minecraft:grass_block":18,"minecraft:powered_rail":19,"minecraft:redstone":577,"minecraft:oak_sign":28,"minecraft:pink_wool":61,"minecraft:yellow_wool":3,"minecraft:white_wool":4,"minecraft:light_gray_wool":421,"minecraft:soul_sand":4,"minecraft:anvil":1,"minecraft:rail":8,"minecraft:repeater":126,"minecraft:redstone_lamp":33,"minecraft:potion":7,"minecraft:comparator":9,"minecraft:magenta_wool":1,"minecraft:written_book":6,"minecraft:minecart":2,"minecraft:orange_wool":553,"minecraft:crossbow":16,"minecraft:oak_wood":1,"minecraft:white_concrete":6,"minecraft:gray_wool":2,"minecraft:piglin_head":1,"minecraft:splash_potion":4},"minecraft:picked_up":{"minecraft:stone":1,"minecraft:repeater":12,"minecraft:potion":1,"minecraft:redstone":89,"minecraft:piglin_head":1,"minecraft:oak_sign":3,"minecraft:lever":2,"minecraft:comparator":6,"minecraft:carved_pumpkin":2,"minecraft:redstone_torch":14,"minecraft:glowstone_dust":2}},"DataVersion":3700}