{"stats":{"minecraft:custom":{"minecraft:open_chest":1,"minecraft:time_since_rest":2312709,"minecraft:crouch_one_cm":759,"minecraft:sprint_one_cm":4769,"minecraft:play_time":2312709,"minecraft:walk_one_cm":108847,"minecraft:sneak_time":47649,"minecraft:drop":6,"minecraft:interact_with_lectern":1,"minecraft:aviate_one_cm":262458,"minecraft:jump":455,"minecraft:leave_game":44,"minecraft:time_since_death":2312709,"minecraft:total_world_time":2312709,"minecraft:fly_one_cm":5200321},"minecraft:dropped":{"minecraft:comparator":1,"minecraft:lever":1,"minecraft:glow_ink_sac":1,"minecraft:elytra":2,"minecraft:firework_rocket":1},"minecraft:used":{"minecraft:redstone_torch":80,"minecraft:glass":10,"minecraft:lever":16,"minecraft:repeater":1,"minecraft:redstone_lamp":2,"minecraft:firework_rocket":10,"minecraft:written_book":1,"minecraft:redstone":5,"minecraft:lime_wool":16,"minecraft:elytra":1,"minecraft:stone_button":5,"minecraft:cherry_sign":41,"minecraft:glow_ink_sac":80},"minecraft:picked_up":{"minecraft:redstone_torch":6,"minecraft:written_book":1,"minecraft:redstone":2}},"DataVersion":3700}