{"stats":{"minecraft:killed":{"minecraft:spider":1},"minecraft:custom":{"minecraft:time_since_rest":1392178,"minecraft:sprint_one_cm":29721,"minecraft:walk_one_cm":102812,"minecraft:mob_kills":1,"minecraft:drop":8,"minecraft:minecart_one_cm":68271,"minecraft:damage_dealt":35,"minecraft:fly_one_cm":13132471,"minecraft:open_chest":12,"minecraft:crouch_one_cm":4826,"minecraft:play_time":1392178,"minecraft:sneak_time":59067,"minecraft:walk_under_water_one_cm":162,"minecraft:interact_with_lectern":2,"minecraft:jump":1177,"minecraft:leave_game":15,"minecraft:walk_on_water_one_cm":2284,"minecraft:time_since_death":1392178,"minecraft:total_world_time":1392178},"minecraft:dropped":{"minecraft:stone":1,"minecraft:lever":1,"minecraft:white_concrete":1,"minecraft:glowstone_dust":2,"minecraft:piglin_head":1,"minecraft:written_book":1,"minecraft:white_wool":1},"minecraft:used":{"minecraft:redstone_torch":235,"minecraft:oak_log":1,"minecraft:sticky_piston":8,"minecraft:glass":16,"minecraft:lever":94,"minecraft:water_bucket":3,"minecraft:black_concrete":2,"minecraft:activator_rail":8,"minecraft:grass_block":18,"minecraft:red_wool":6,"minecraft:carved_pumpkin":5,"minecraft:iron_block":14,"minecraft:red_stained_glass":1,"minecraft:powered_rail":19,"minecraft:redstone":577,"minecraft:oak_sign":27,"minecraft:pink_wool":61,"minecraft:yellow_wool":3,"minecraft:white_wool":4,"minecraft:light_gray_wool":421,"minecraft:rail":8,"minecraft:repeater":123,"minecraft:redstone_lamp":32,"minecraft:potion":7,"minecraft:comparator":9,"minecraft:magenta_wool":1,"minecraft:written_book":6,"minecraft:crossbow":4,"minecraft:minecart":2,"minecraft:orange_wool":553,"minecraft:oak_wood":1,"minecraft:white_concrete":6,"minecraft:gray_wool":2,"minecraft:piglin_head":1,"minecraft:splash_potion":3},"minecraft:picked_up":{"minecraft:stone":1,"minecraft:repeater":12,"minecraft:redstone":89,"minecraft:piglin_head":1,"minecraft:oak_sign":3,"minecraft:lever":2,"minecraft:comparator":6,"minecraft:carved_pumpkin":2,"minecraft:redstone_torch":14,"minecraft:glowstone_dust":2}},"DataVersion":3700}