{"stats":{"minecraft:dropped":{"minecraft:magenta_wool":1},"minecraft:used":{"minecraft:redstone_torch":81,"minecraft:glass":49,"minecraft:oak_sign":21,"minecraft:lever":5,"minecraft:redstone_lamp":1,"minecraft:magenta_wool":8,"minecraft:redstone":19},"minecraft:custom":{"minecraft:jump":22,"minecraft:time_since_rest":6453199,"minecraft:leave_game":9,"minecraft:play_time":6453199,"minecraft:sprint_one_cm":185,"minecraft:time_since_death":6453199,"minecraft:walk_one_cm":319,"minecraft:sneak_time":267565,"minecraft:total_world_time":6458028,"minecraft:drop":1,"minecraft:fly_one_cm":8399034}},"DataVersion":3700}