{"stats":{"minecraft:custom":{"minecraft:time_since_rest":1414627,"minecraft:crouch_one_cm":759,"minecraft:play_time":1414627,"minecraft:walk_one_cm":43067,"minecraft:sneak_time":30189,"minecraft:drop":4,"minecraft:aviate_one_cm":235967,"minecraft:jump":200,"minecraft:leave_game":23,"minecraft:time_since_death":1414627,"minecraft:total_world_time":1414627,"minecraft:fly_one_cm":4538504},"minecraft:dropped":{"minecraft:comparator":1,"minecraft:lever":1,"minecraft:elytra":1,"minecraft:firework_rocket":1},"minecraft:used":{"minecraft:redstone_torch":77,"minecraft:glass":10,"minecraft:lever":15,"minecraft:repeater":1,"minecraft:redstone_lamp":2,"minecraft:firework_rocket":10,"minecraft:redstone":5,"minecraft:lime_wool":16,"minecraft:elytra":1,"minecraft:cherry_sign":40,"minecraft:glow_ink_sac":80},"minecraft:picked_up":{"minecraft:redstone_torch":6,"minecraft:written_book":1,"minecraft:redstone":2}},"DataVersion":3700}