{"stats":{"minecraft:custom":{"minecraft:time_since_rest":1380349,"minecraft:sprint_one_cm":389,"minecraft:walk_one_cm":9189,"minecraft:mob_kills":1,"minecraft:drop":30,"minecraft:fly_one_cm":4586917,"minecraft:crouch_one_cm":509,"minecraft:play_time":1380349,"minecraft:sneak_time":11438,"minecraft:jump":96,"minecraft:leave_game":12,"minecraft:time_since_death":1380349,"minecraft:total_world_time":1380349},"minecraft:dropped":{"minecraft:blackstone":1,"minecraft:stone":3,"minecraft:trident":5,"minecraft:lever":1,"minecraft:repeater":3,"minecraft:redstone_torch":1,"minecraft:light_gray_wool":1,"minecraft:chain":1,"minecraft:comparator":1,"minecraft:glass":1,"minecraft:orange_wool":6,"minecraft:oak_sign":2,"minecraft:white_wool":1,"minecraft:black_wool":2,"minecraft:redstone":1},"minecraft:used":{"minecraft:redstone_torch":20,"minecraft:glass":2,"minecraft:trident":196,"minecraft:lever":37,"minecraft:black_wool":2,"minecraft:redstone":174,"minecraft:oak_sign":4,"minecraft:blackstone":1,"minecraft:stone":91,"minecraft:light_gray_wool":147,"minecraft:white_wool":1,"minecraft:torch":1,"minecraft:repeater":192,"minecraft:redstone_lamp":273,"minecraft:comparator":34,"minecraft:orange_wool":493,"minecraft:obsidian":2},"minecraft:picked_up":{"minecraft:repeater":3,"minecraft:redstone":2,"minecraft:orange_wool":1,"minecraft:lever":1,"minecraft:light_gray_wool":1}},"DataVersion":3700}