{"stats":{"minecraft:killed":{"minecraft:iron_golem":1},"minecraft:custom":{"minecraft:time_since_rest":2213312,"minecraft:sprint_one_cm":10695,"minecraft:walk_one_cm":72534,"minecraft:mob_kills":2,"minecraft:drop":162,"minecraft:damage_dealt":39,"minecraft:fly_one_cm":6076636,"minecraft:interact_with_cartography_table":6,"minecraft:target_hit":6,"minecraft:open_chest":3,"minecraft:crouch_one_cm":4255,"minecraft:play_time":2213312,"minecraft:sneak_time":93829,"minecraft:interact_with_lectern":3,"minecraft:aviate_one_cm":13283001,"minecraft:jump":171,"minecraft:leave_game":8,"minecraft:time_since_death":2213312,"minecraft:total_world_time":2213312},"minecraft:dropped":{"minecraft:filled_map":1,"minecraft:iron_ingot":7,"minecraft:redstone_lamp":1,"minecraft:vindicator_spawn_egg":1,"minecraft:tipped_arrow":64,"minecraft:pufferfish_spawn_egg":1,"minecraft:ender_pearl":1,"minecraft:smooth_stone_slab":1,"minecraft:ochre_froglight":1,"minecraft:white_concrete":1,"minecraft:yellow_concrete":1,"minecraft:vex_spawn_egg":1,"minecraft:witch_spawn_egg":1,"minecraft:lime_wool":1,"minecraft:map":1,"minecraft:potion":1,"minecraft:redstone_torch":1,"minecraft:bow":1,"minecraft:glass":1,"minecraft:ender_eye":3,"minecraft:black_concrete":1,"minecraft:stray_spawn_egg":1,"minecraft:paper":60,"minecraft:oak_sign":1,"minecraft:cartography_table":1,"minecraft:glow_squid_spawn_egg":1,"minecraft:redstone":6,"minecraft:polished_deepslate":1},"minecraft:used":{"minecraft:redstone_torch":129,"minecraft:glass":23,"minecraft:trident":723,"minecraft:ender_eye":19,"minecraft:black_concrete":1,"minecraft:firework_rocket":351,"minecraft:witch_spawn_egg":4,"minecraft:elder_guardian_spawn_egg":5,"minecraft:redstone":38,"minecraft:map":5,"minecraft:lime_wool":1,"minecraft:cartography_table":4,"minecraft:oak_sign":56,"minecraft:ender_pearl":23,"minecraft:vex_spawn_egg":1,"minecraft:vindicator_spawn_egg":1,"minecraft:deepslate_bricks":1,"minecraft:dragon_egg":1,"minecraft:redstone_lamp":10,"minecraft:bow":140,"minecraft:stray_spawn_egg":2,"minecraft:written_book":4,"minecraft:yellow_concrete":38,"minecraft:chain":15,"minecraft:smooth_stone_slab":1,"minecraft:ochre_froglight":34,"minecraft:white_concrete":146,"minecraft:husk_spawn_egg":1,"minecraft:snowball":868,"minecraft:allay_spawn_egg":5,"minecraft:glow_squid_spawn_egg":2},"minecraft:picked_up":{"minecraft:redstone":3,"minecraft:iron_ingot":6,"minecraft:ender_eye":3}},"DataVersion":3700}