{"stats":{"minecraft:picked_up":{"minecraft:redstone_torch":9},"minecraft:custom":{"minecraft:jump":119,"minecraft:time_since_rest":5752570,"minecraft:sprint_one_cm":185,"minecraft:crouch_one_cm":254,"minecraft:leave_game":8,"minecraft:play_time":5752570,"minecraft:time_since_death":5752570,"minecraft:walk_one_cm":8453,"minecraft:sneak_time":118978,"minecraft:total_world_time":5755727,"minecraft:fly_one_cm":3117305},"minecraft:used":{"minecraft:redstone_torch":34,"minecraft:lever":1,"minecraft:stone_button":1,"minecraft:glass":10,"minecraft:yellow_dye":11,"minecraft:magenta_wool":23,"minecraft:warped_sign":6,"minecraft:glow_ink_sac":10}},"DataVersion":3700}