{"stats":{"minecraft:picked_up":{"minecraft:redstone":3},"minecraft:custom":{"minecraft:time_since_rest":870199,"minecraft:sprint_one_cm":5189,"minecraft:walk_one_cm":24187,"minecraft:mob_kills":1,"minecraft:drop":78,"minecraft:damage_dealt":9,"minecraft:fly_one_cm":3853767,"minecraft:interact_with_cartography_table":6,"minecraft:open_chest":3,"minecraft:crouch_one_cm":3236,"minecraft:play_time":870199,"minecraft:sneak_time":56287,"minecraft:interact_with_lectern":3,"minecraft:aviate_one_cm":7443907,"minecraft:jump":92,"minecraft:leave_game":4,"minecraft:time_since_death":870199,"minecraft:total_world_time":870199},"minecraft:dropped":{"minecraft:filled_map":1,"minecraft:vindicator_spawn_egg":1,"minecraft:redstone_lamp":1,"minecraft:smooth_stone_slab":1,"minecraft:white_concrete":1,"minecraft:vex_spawn_egg":1,"minecraft:witch_spawn_egg":1,"minecraft:lime_wool":1,"minecraft:map":1,"minecraft:glass":1,"minecraft:stray_spawn_egg":1,"minecraft:paper":60,"minecraft:cartography_table":1,"minecraft:glow_squid_spawn_egg":1,"minecraft:redstone":5,"minecraft:polished_deepslate":1},"minecraft:used":{"minecraft:glow_squid_spawn_egg":2,"minecraft:glass":23,"minecraft:firework_rocket":107,"minecraft:witch_spawn_egg":4,"minecraft:redstone":7,"minecraft:lime_wool":1,"minecraft:map":5,"minecraft:cartography_table":4,"minecraft:oak_sign":56,"minecraft:vex_spawn_egg":1,"minecraft:vindicator_spawn_egg":1,"minecraft:deepslate_bricks":1,"minecraft:redstone_lamp":10,"minecraft:stray_spawn_egg":2,"minecraft:written_book":4,"minecraft:chain":15,"minecraft:smooth_stone_slab":1,"minecraft:white_concrete":146,"minecraft:husk_spawn_egg":1,"minecraft:redstone_torch":124}},"DataVersion":3700}