{"stats":{"minecraft:picked_up":{"minecraft:redstone":1},"minecraft:custom":{"minecraft:open_chest":11,"minecraft:time_since_rest":1170042,"minecraft:crouch_one_cm":8390,"minecraft:play_time":1170042,"minecraft:sprint_one_cm":35101,"minecraft:walk_one_cm":133277,"minecraft:sneak_time":27522,"minecraft:drop":23,"minecraft:aviate_one_cm":15659254,"minecraft:jump":456,"minecraft:leave_game":4,"minecraft:time_since_death":1170042,"minecraft:total_world_time":1170042,"minecraft:fly_one_cm":3852939},"minecraft:dropped":{"minecraft:deepslate_bricks":2,"minecraft:redstone_lamp":1,"minecraft:gray_stained_glass":1,"minecraft:glass":1,"minecraft:purple_wool":1,"minecraft:red_stained_glass":1,"minecraft:black_concrete":2,"minecraft:orange_wool":2,"minecraft:nether_bricks":1,"minecraft:light_blue_wool":1,"minecraft:black_stained_glass":2,"minecraft:yellow_wool":1,"minecraft:blue_stained_glass":1,"minecraft:black_wool":1,"minecraft:lime_wool":2,"minecraft:redstone":3},"minecraft:used":{"minecraft:glass":27,"minecraft:black_concrete":9,"minecraft:dirt":6,"minecraft:firework_rocket":2981,"minecraft:black_stained_glass":3,"minecraft:red_stained_glass":8,"minecraft:written_book":1,"minecraft:blue_stained_glass":8,"minecraft:redstone":4,"minecraft:lime_wool":3,"minecraft:orange_wool":1,"minecraft:white_concrete":10,"minecraft:cherry_sign":13,"minecraft:gray_stained_glass":6,"minecraft:redstone_torch":47}},"DataVersion":3700}