{"stats":{"minecraft:picked_up":{"minecraft:stone":1,"minecraft:repeater":12,"minecraft:redstone":89,"minecraft:piglin_head":1,"minecraft:oak_sign":2,"minecraft:lever":2,"minecraft:comparator":6,"minecraft:carved_pumpkin":2,"minecraft:redstone_torch":14,"minecraft:glowstone_dust":2},"minecraft:custom":{"minecraft:time_since_rest":1127215,"minecraft:sprint_one_cm":21061,"minecraft:walk_one_cm":77840,"minecraft:drop":8,"minecraft:minecart_one_cm":68271,"minecraft:damage_dealt":25,"minecraft:fly_one_cm":12143441,"minecraft:open_chest":10,"minecraft:crouch_one_cm":2140,"minecraft:play_time":1127215,"minecraft:sneak_time":54856,"minecraft:walk_under_water_one_cm":162,"minecraft:interact_with_lectern":2,"minecraft:jump":727,"minecraft:leave_game":10,"minecraft:walk_on_water_one_cm":2284,"minecraft:time_since_death":1127215,"minecraft:total_world_time":1127215},"minecraft:dropped":{"minecraft:stone":1,"minecraft:lever":1,"minecraft:white_concrete":1,"minecraft:glowstone_dust":2,"minecraft:piglin_head":1,"minecraft:written_book":1,"minecraft:white_wool":1},"minecraft:used":{"minecraft:redstone_torch":233,"minecraft:sticky_piston":8,"minecraft:glass":16,"minecraft:lever":94,"minecraft:water_bucket":3,"minecraft:black_concrete":2,"minecraft:activator_rail":8,"minecraft:red_wool":3,"minecraft:carved_pumpkin":5,"minecraft:iron_block":14,"minecraft:red_stained_glass":1,"minecraft:powered_rail":19,"minecraft:redstone":576,"minecraft:oak_sign":26,"minecraft:pink_wool":60,"minecraft:yellow_wool":3,"minecraft:white_wool":4,"minecraft:light_gray_wool":406,"minecraft:repeater":123,"minecraft:redstone_lamp":32,"minecraft:rail":8,"minecraft:comparator":9,"minecraft:written_book":6,"minecraft:minecart":2,"minecraft:orange_wool":553,"minecraft:white_concrete":2,"minecraft:gray_wool":2,"minecraft:piglin_head":1}},"DataVersion":3700}