{"stats":{"minecraft:picked_up":{"minecraft:redstone_torch":6,"minecraft:written_book":1,"minecraft:redstone":2},"minecraft:custom":{"minecraft:time_since_rest":1116184,"minecraft:crouch_one_cm":631,"minecraft:play_time":1116184,"minecraft:walk_one_cm":39963,"minecraft:sneak_time":24144,"minecraft:drop":3,"minecraft:aviate_one_cm":212541,"minecraft:jump":164,"minecraft:leave_game":12,"minecraft:time_since_death":1116184,"minecraft:total_world_time":1116184,"minecraft:fly_one_cm":3791739},"minecraft:dropped":{"minecraft:comparator":1,"minecraft:elytra":1,"minecraft:firework_rocket":1},"minecraft:used":{"minecraft:redstone_torch":75,"minecraft:glass":8,"minecraft:lever":14,"minecraft:repeater":1,"minecraft:redstone_lamp":2,"minecraft:firework_rocket":10,"minecraft:redstone":5,"minecraft:lime_wool":16,"minecraft:elytra":1,"minecraft:cherry_sign":37}},"DataVersion":3700}